Date,Open,High,Low,Close,Adj Close,Volume
2016.8.29,32040,32800,31940,32800,28289.05664,8925750
2016.8.30,32940,33420,32660,32900,28375.30078,7849600
2016.8.31,32820,32820,32220,32400,27944.06836,20532200
2016.9.1,31660,31760,31260,31740,27374.83789,18790150
2016.9.2,31900,32260,31760,31940,27547.33203,8153000
2016.9.5,31800,32300,31700,32120,27702.57617,8383800
2016.9.6,32140,32900,31940,32860,28340.80469,7660150
2016.9.7,32960,33040,32420,32420,27961.31641,9591850
2016.9.8,32460,32780,32280,32780,28271.8125,12070850
2016.9.9,32220,32360,31280,31500,27167.8457,13258400
2016.9.12,29800,30120,29120,29300,25270.40625,26499350
2016.9.13,30160,30980,29900,30540,26339.87109,24717250
2016.9.19,30760,31380,30720,31160,26874.60352,22408150
2016.9.20,31180,31760,31180,31700,27340.33789,12921150
2016.9.21,31900,32020,31520,31840,27461.08398,10509050
2016.9.22,32000,32820,31980,32360,27909.56836,11429950
2016.9.23,31640,31960,31320,31420,27098.8457,18299650
2016.9.26,31420,31920,31280,31360,27047.10352,14524800
2016.9.27,31000,31500,30660,31380,27064.34766,9834400
2016.9.28,31080,31460,31080,31340,27029.84766,8706400
2016.9.29,31460,32380,31440,32000,27599.08008,11397550
2016.9.30,31800,32300,31700,31960,27564.57813,11762700
2016.10.4,32200,32480,32120,32280,27840.57031,13053100
2016.10.5,32020,32520,31940,32380,27926.82031,12470450
2016.10.6,33920,34000,33340,33820,29168.77539,29558150
2016.10.7,34000,34320,33800,34120,29427.52148,26050550
2016.10.10,33000,33780,32560,33600,28979.0332,25293300
2016.10.11,32000,32500,30900,30900,26650.36719,38427150
2016.10.12,29900,30900,29880,30700,26477.86328,39088550
2016.10.13,31000,31620,30900,31140,26857.35547,21864550
2016.10.14,30960,31760,30940,31540,27202.34375,14158950
2016.10.17,31300,32040,30760,31800,27426.58789,12785200
2016.10.18,31440,31900,31440,31780,27409.33203,10384500
2016.10.19,31580,32860,31500,32500,28030.31836,15444550
2016.10.20,32520,33020,32180,32400,27944.06836,10330450
2016.10.21,32120,32260,31760,31780,27409.33203,10477500
2016.10.24,31860,32160,31800,32160,27737.07813,9289950
2016.10.25,32000,32080,31840,31940,27547.33203,9866100
2016.10.26,31940,31980,31240,31340,27029.84766,10534000
2016.10.27,31420,32340,31120,31460,27133.3457,14117000
2016.10.28,31600,32280,31600,32280,27840.57031,10214200
2016.10.31,32320,32780,32220,32780,28271.8125,12067200
2016.11.1,32600,33040,32240,33040,28496.05273,10347400
2016.11.2,32800,33040,32620,32860,28340.80469,10099250
2016.11.3,32600,32800,32120,32320,27875.06641,10341850
2016.11.4,32100,32680,32100,32540,28064.81445,7103850
2016.11.7,32940,33000,32680,32800,28289.05664,7661900
2016.11.8,32980,32980,32700,32880,28358.05469,5417450
2016.11.9,32920,33140,31820,31920,27530.08398,15683600
2016.11.10,32600,33000,32360,32980,28444.30664,11795350
2016.11.11,31700,32360,31700,31960,27564.57813,12836800
2016.11.14,31900,31920,31040,31060,26788.35547,15133300
2016.11.15,31060,31620,30780,30780,26546.86328,13665700
2016.11.16,30800,31280,30800,31160,26874.60352,13308200
2016.11.17,31100,31520,30900,31360,27047.10352,7870550
2016.11.18,31640,31760,31400,31720,27357.58789,9460750
2016.11.21,31300,32120,31300,31860,27478.33594,8180200
2016.11.22,32140,32900,32000,32800,28289.05664,9751100
2016.11.23,33220,33220,32520,32980,28444.30664,12668600
2016.11.24,32980,33040,32660,33000,28461.54883,7757150
2016.11.25,32820,33040,32660,33000,28461.54883,6276900
2016.11.28,33000,33620,32800,33540,28927.2832,13294050
2016.11.29,33800,33960,33380,33540,28927.2832,18081300
2016.11.30,33540,34940,33540,34920,30117.49805,28535200
2016.12.1,34800,35060,34660,34980,30169.24414,15535350
2016.12.2,34480,34760,34140,34540,29789.75781,15352950
2016.12.5,34340,34680,34220,34360,29634.50586,8484600
2016.12.6,34440,35200,34400,34960,30151.99805,14001800
2016.12.7,35040,35480,35040,35440,30565.97461,9603650
2016.12.8,35980,36020,35520,35800,30876.46875,16462550
2016.12.9,35900,35900,35400,35600,30703.98047,10652450
2016.12.12,34660,35360,34660,35040,30220.99609,11414450
2016.12.13,34620,35440,34620,35320,30462.48828,11684450
2016.12.14,35560,35680,35280,35540,30652.22461,7455100
2016.12.15,34820,35500,34820,35180,30341.73828,5773550
2016.12.16,35300,36020,35200,35860,30928.21484,11747700
2016.12.19,35620,36380,35620,35900,30962.71875,5435800
2016.12.20,35920,36400,35840,36240,31255.95898,7615200
2016.12.21,36360,36600,36020,36100,31135.21875,6552100
2016.12.22,36260,36300,35980,36180,31204.20898,6354600
2016.12.23,36020,36080,35600,35640,30738.47461,8334850
2016.12.26,35600,36000,35560,35960,31014.46289,4823600
2016.12.27,35980,36200,35860,35980,31031.71875,4653450
2016.12.28,35840,35980,35600,35760,31320.74609,6662900
2016.12.29,35420,36040,35400,36040,31565.99023,7516450
2017.1.2,35980,36240,35880,36100,31618.54297,4650600
2017.1.3,36280,36620,36020,36480,31951.36914,7357650
2017.1.4,36500,36520,36100,36160,31671.08789,7971750
2017.1.5,36060,36060,35540,35560,31145.57617,10967450
2017.1.6,36180,36440,36040,36200,31706.12695,8880950
2017.1.9,36600,37500,36560,37220,32599.51172,13194900
2017.1.10,37280,37400,37080,37240,32617.02148,9099800
2017.1.11,37520,38560,37420,38280,33527.91797,12018150
2017.1.12,38000,38800,37980,38800,33983.35547,11669150
2017.1.13,38100,38320,37460,37460,32809.71094,15954450
2017.1.16,36860,37820,36320,36660,32109.02148,16611500
2017.1.17,36580,37460,36580,36960,32371.7793,8150700
2017.1.18,37040,37500,36620,36940,32354.26172,8875400
2017.1.19,37720,37920,37020,37480,32827.23047,9418900
2017.1.20,37120,37420,36880,37200,32581.98438,9185000
2017.1.23,37200,38060,37000,38060,33335.22656,8810400
2017.1.24,38120,38580,37880,38160,33422.80859,11048750
2017.1.25,38340,39400,38320,39400,34508.875,13433850
2017.1.26,39420,40000,39420,39900,34946.8125,15214500
2017.1.31,39900,39900,39460,39460,34561.43359,17992200
2017.2.1,39540,39660,39040,39120,34263.63281,14150400
2017.2.2,39600,39660,39200,39360,34473.84766,15029300
2017.2.3,39400,39500,39180,39460,34561.43359,10386350
2017.2.6,39580,39660,39140,39560,34649.01172,8860700
2017.2.7,39560,39580,38760,38820,34000.88281,14041800
2017.2.8,38740,38780,38200,38400,33633.01563,17092950
2017.2.9,38780,38840,38220,38400,33633.01563,13694150
2017.2.10,38400,38760,38300,38360,33597.98438,11020750
2017.2.13,37740,38060,37720,37960,33247.64063,11102050
2017.2.14,37960,38260,37320,37580,32914.8125,13124150
2017.2.15,37080,37960,37080,37720,33037.42578,14191550
2017.2.16,37800,38360,37780,38020,33300.19531,10226350
2017.2.17,37560,38040,37280,37860,33160.05078,15377450
2017.2.20,38220,38780,38160,38660,33860.74219,7485800
2017.2.21,38540,39560,38420,38940,34105.98828,10562600
2017.2.22,39000,39340,38980,39300,34421.30078,8539450
2017.2.23,39020,39440,39020,39180,34316.1875,10217300
2017.2.24,38960,39100,38060,38220,33475.35938,9296850
2017.2.27,38020,38140,37700,38060,33335.22656,9033700
2017.2.28,38060,38760,37960,38440,33668.05469,15088700
2017.3.2,38420,39860,38420,39720,34789.14844,21249800
2017.3.3,39340,39720,39160,39620,34701.57031,12708700
2017.3.6,39220,40220,39220,40080,35104.46875,12234850
2017.3.7,39800,40320,39800,40200,35209.5625,10553250
2017.3.8,40200,40620,40140,40200,35209.5625,12140950
2017.3.9,40200,40300,40020,40200,35209.5625,14372250
2017.3.10,39960,40420,39860,40180,35192.04297,10227800
2017.3.13,40040,40980,40040,40600,35559.91016,7424100
2017.3.14,40620,41540,40500,41360,36225.5625,11325050
2017.3.15,40800,41440,40800,41400,36260.59375,9587850
2017.3.16,41800,42180,41540,41840,36645.98047,9933150
2017.3.17,41800,42500,41720,42400,37136.45703,12602300
2017.3.20,42000,42120,41740,41900,36698.53125,10250050
2017.3.21,41780,42680,41760,42560,37276.59375,14220150
2017.3.22,41600,42460,41580,42460,37189.00781,16427250
2017.3.23,42200,42360,41700,41800,36610.94141,15397100
2017.3.24,41600,41980,41080,41500,36348.1875,12808150
2017.3.27,41200,41880,41180,41200,36085.42578,12177650
2017.3.28,41560,41840,41380,41480,36330.66406,8216250
2017.3.29,41740,41960,41580,41780,36593.43359,10093250
2017.3.30,41880,42440,41880,41980,36892.21875,8204000
2017.3.31,41820,42020,41200,41200,36206.75391,10500300
2017.4.3,41400,41720,41300,41440,36417.66016,9579400
2017.4.4,41600,42180,41520,42080,36980.10156,12255500
2017.4.5,41900,42240,41700,42140,37032.83203,10699700
2017.4.6,42000,42080,41600,41840,36769.17969,9683400
2017.4.7,41800,41820,41160,41600,36558.27344,10021000
2017.4.10,41940,41940,41500,41940,36857.07813,7141350
2017.4.11,41940,41940,41580,41600,36558.27344,7172900
2017.4.12,41860,41940,41700,41900,36821.91797,8274900
2017.4.13,41660,42460,41660,42420,37278.89453,9040800
2017.4.14,42160,42260,41760,42020,36927.37109,5462850
2017.4.17,42000,42080,41520,41560,36523.11328,5224750
2017.4.18,41680,41820,41280,41500,36470.39844,6860650
2017.4.19,41300,41420,40900,40900,35943.11719,11762900
2017.4.20,40580,40800,40080,40280,35398.25,21148850
2017.4.21,40480,41400,40480,40760,35820.08203,15130500
2017.4.24,41260,41260,40920,41240,36241.91016,8990150
2017.4.25,41460,42740,41320,42700,37524.97266,19299600
2017.4.26,42700,42800,42520,42800,37612.83594,14794800
2017.4.27,42700,44520,41960,43840,38526.79297,23032250
2017.4.28,45780,45800,44520,44620,39212.26172,22685700
2017.5.2,45500,45500,44760,44900,39458.33594,14068300
2017.5.4,45700,45700,44860,45520,40003.1875,13690100
2017.5.8,45520,47020,45340,47020,41321.39453,19582550
2017.5.10,46160,47220,45600,45600,40073.49609,23410950
2017.5.11,45420,46180,45220,45500,39985.61719,21277850
2017.5.12,45760,46160,45660,45820,40266.82422,9422900
2017.5.15,45620,46280,45620,46100,40512.89453,8001400
2017.5.16,46660,46800,46100,46380,40758.96484,8803750
2017.5.17,46120,46640,46100,46340,40723.80469,7424450
2017.5.18,45740,46000,45540,45940,40372.28906,11160350
2017.5.19,45640,45780,44720,44720,39300.14063,15762350
2017.5.22,45040,45380,44760,45100,39634.08594,17643550
2017.5.23,45400,45580,44900,44920,39475.90625,12607050
2017.5.24,44860,45300,44800,44880,39440.75391,8675400
2017.5.25,45160,45680,44800,45680,40143.79688,13044800
2017.5.26,45600,46460,45540,46080,40495.32422,13613650
2017.5.29,46220,46400,45380,45620,40091.07422,8739550
2017.5.30,45520,45660,44480,44640,39229.83984,12433600
2017.5.31,44580,45020,44400,44700,39282.57031,18669100
2017.6.1,44860,44900,44400,44680,39264.99219,9753500
2017.6.2,45060,45960,45000,45960,40389.86719,12488750
2017.6.5,46040,46360,45720,45940,40372.28906,7599400
2017.6.7,46500,46500,45240,45300,39809.85938,13729400
2017.6.8,45000,45580,45000,45160,39686.83203,13978750
2017.6.9,45680,46440,45600,46100,40512.89453,11732850
2017.6.12,45420,45600,45140,45380,39880.15625,10954300
2017.6.13,45140,45620,45140,45400,39897.73438,8624900
2017.6.14,45800,46060,45240,45360,39862.57813,10166700
2017.6.15,45680,45920,45180,45680,40143.79688,9657000
2017.6.16,45500,45940,45460,45580,40055.91797,17403450
2017.6.19,45580,46560,45560,46560,40917.14453,11303900
2017.6.20,47240,48140,47220,48140,42305.66406,15045000
2017.6.21,47740,48120,47480,47480,41725.64063,9973650
2017.6.22,47960,48080,47720,47960,42147.47266,11455800
2017.6.23,47600,47780,47420,47620,41848.67969,9515100
2017.6.26,47520,48360,47520,48280,42428.6875,8552800
2017.6.27,48220,48400,47900,48300,42446.26563,9616750
2017.6.28,47600,48000,47560,47700,41918.98438,9572500
2017.6.29,48040,48320,47940,47940,42253.91406,8306550
2017.6.30,47500,47620,47100,47540,41901.35156,11877550
2017.7.3,47500,47780,47120,47220,41619.30859,6805550
2017.7.4,47160,47400,46900,47000,41425.41406,7961000
2017.7.5,46820,47680,46780,47580,41936.61328,10640250
2017.7.6,48000,48100,47720,48060,42359.67969,10923050
2017.7.7,47740,48120,47620,47860,42183.39844,8131900
2017.7.10,48500,48900,48320,48660,42888.51172,10792750
2017.7.11,48640,49000,48280,49000,43188.19141,9717800
2017.7.12,49000,50000,48840,49880,43963.80859,9486150
2017.7.13,50080,50940,50040,50560,44563.16016,16034150
2017.7.14,51000,51080,50420,50480,44492.64453,8239000
2017.7.17,50900,51020,50520,50640,44633.66016,8976100
2017.7.18,50420,50880,50360,50840,44809.94922,7084450
2017.7.19,50620,50820,50000,50740,44721.80078,11157500
2017.7.20,50760,51320,50560,51200,45127.25,8367600
2017.7.21,50860,51160,50520,51080,45021.48047,8449050
2017.7.24,50700,51000,50620,50860,44827.57813,7099750
2017.7.25,50500,50760,49940,50000,44069.57813,10810600
2017.7.26,49600,50020,49300,49840,43928.55469,11224800
2017.7.27,50000,50640,49560,49800,43893.30078,11449500
2017.7.28,49800,49800,47380,47760,42095.26953,26168300
2017.7.31,47420,48240,46920,48200,42483.07422,12701400
2017.8.1,48000,48840,47540,48600,42835.63281,11369500
2017.8.2,49200,49340,48600,49000,43188.19141,7777450
2017.8.3,49000,49000,47120,47780,42112.89453,15540800
2017.8.4,48160,48180,47500,47700,42042.37109,8359200
2017.8.7,47500,48080,47440,47580,41936.61328,7218250
2017.8.8,47980,48260,47480,47720,42060.00391,7979600
2017.8.9,47400,47400,46240,46280,40790.80078,14555400
2017.8.10,46200,46320,45460,45900,40455.87109,22986150
2017.8.11,45120,45300,44220,44620,39327.6875,25407300
2017.8.14,45120,45400,44720,45000,39662.61719,19185600
2017.8.16,46220,46380,46000,46200,40720.28906,21913650
2017.8.17,46960,47300,46740,47040,41460.66797,12415850
2017.8.18,46760,47240,46240,46900,41337.25781,10477950
2017.8.21,47240,47240,46580,46840,41284.38672,5103450
2017.8.22,46820,47160,46700,47000,41425.41406,7381750
2017.8.23,47780,47780,47180,47480,41848.47266,9384700
2017.8.24,47520,47660,47340,47520,41883.73047,8657450
2017.8.25,47880,47880,46720,47020,41443.03906,11243550
2017.8.28,47020,47240,45960,46100,40632.15234,9962100
2017.8.29,45640,46080,45160,46080,40614.51953,12623650
2017.8.30,46380,46400,45960,46200,40720.28906,7513000
2017.8.31,46220,46640,46000,46320,40826.04688,11011700
2017.9.1,46460,46640,46300,46480,40967.07422,10641700
2017.9.4,45780,46360,45500,46040,40579.25781,7943500
2017.9.5,46240,46900,45960,46760,41213.86719,11716100
2017.9.6,46760,47180,46700,47000,41425.41406,10811050
2017.9.7,47000,48220,47000,48120,42412.55469,9676500
2017.9.8,48700,49180,48580,49080,43258.70313,10893000
2017.9.11,49700,50180,49500,49800,43893.30078,10374750
2017.9.12,50200,50220,49140,49600,43717.01953,12029750
2017.9.13,49820,50400,49440,49620,43734.64844,9357000
2017.9.14,50060,50320,49760,50300,44333.99609,14204750
2017.9.15,50300,50560,49860,50400,44422.13672,10757300
2017.9.18,50540,52480,50520,52480,46255.42969,11524950
2017.9.19,52500,52640,51780,52120,45938.12891,9850400
2017.9.20,52120,52500,51840,52220,46026.26172,9292750
2017.9.21,52220,52960,52220,52800,46537.46875,8839800
2017.9.25,53000,53680,53000,53620,47260.21484,9303100
2017.9.26,53620,53620,53620,53620,47260.21484,1
2017.9.27,52000,52200,51500,51680,45550.32031,10797000
2017.9.28,52260,52460,51260,51260,45302.85938,12025450
2017.9.29,51180,51620,50840,51280,45320.52734,12909400
2017.10.10,53360,53640,52800,52800,46663.89063,20519800
2017.10.11,53600,54760,53340,54640,48290.05078,13652150
2017.10.12,54840,55160,54100,54800,48431.45703,13890700
2017.10.13,54540,54840,53780,54000,47724.42578,12601650
2017.10.16,53980,54860,53760,53920,47653.72656,9769950
2017.10.17,54020,55380,54000,54800,48431.45703,10607800
2017.10.18,54820,55240,54040,54760,48396.10938,10110750
2017.10.19,54700,54700,52980,52980,46822.96875,12108700
2017.10.20,52800,54100,52800,53840,47583.01172,8027050
2017.10.23,54600,54640,54000,54300,47989.56641,8311050
2017.10.24,54700,54780,54040,54040,47759.78516,5806050
2017.10.25,54040,54420,53700,53900,47636.04688,5882850
2017.10.26,53720,53900,52400,52400,46310.37891,9776550
2017.10.27,52400,53320,52140,53080,46911.33984,7392500
2017.10.30,53780,54320,53700,54040,47759.78516,8196150
2017.10.31,54060,55440,53500,55080,48678.92578,13381550
2017.11.1,57500,57500,56180,57220,50570.21094,14510250
2017.11.2,57500,57520,56760,57060,50428.81641,10721050
2017.11.3,57060,57140,55860,56380,49827.83984,9935800
2017.11.6,56380,56500,55340,56380,49827.83984,9000950
2017.11.7,56380,56920,55860,56100,49580.37891,7464550
2017.11.8,56100,57060,55860,56760,50163.67969,8520200
2017.11.9,56920,56920,55900,56340,49792.49609,11994050
2017.11.10,55800,56540,55780,56400,49845.51563,6748800
2017.11.13,56400,56800,56100,56380,49827.83984,8806650
2017.11.14,56380,56740,55920,55920,49421.30078,6725000
2017.11.15,55920,56320,55320,55340,48908.70313,8816950
2017.11.17,56400,56880,55820,55820,49332.92578,10733150
2017.11.20,55900,55980,55200,55200,48784.96875,9472750
2017.11.21,55400,55840,55280,55280,48855.67578,10324700
2017.11.22,55980,56200,55620,55960,49456.64844,7952950
2017.11.24,55300,55500,55180,55460,49014.76172,4536200
2017.11.27,55360,55360,52640,52640,46522.47656,18128900
2017.11.28,52700,53280,51720,53280,47088.10156,13499400
2017.11.29,53200,53240,52500,52600,46487.125,9590250
2017.11.30,50800,51860,50200,50800,44896.31641,29634150
2017.12.1,50800,51780,50800,50840,44931.66406,12868600
2017.12.4,50840,51340,50020,51340,45373.55859,14865050
2017.12.5,50600,51300,50280,51260,45302.85938,9326550
2017.12.6,51260,51560,50020,50020,44206.96094,10889200
2017.12.7,50040,50980,50020,50740,44843.29297,11065600
2017.12.8,51360,52000,51040,52000,45956.86328,11290450
2017.12.11,52000,52040,51500,51780,45762.42188,8125850
2017.12.12,51820,52100,51660,52100,46045.24219,8765050
2017.12.13,52100,52100,51100,51320,45355.88281,11333700
2017.12.14,51320,52280,51060,51060,45126.10156,20310400
2017.12.15,51240,51480,50520,50620,44737.23438,14928550
2017.12.18,50620,51240,50620,51200,45249.82813,7350250
2017.12.19,51540,52080,51520,51560,45567.99609,11978600
2017.12.21,51000,51060,49100,49140,43429.23047,15624300
2017.12.22,49400,49960,49240,49700,43924.14844,11199650
2017.12.26,49760,50100,48200,48200,42598.47656,16039850
2017.12.27,48960,49560,48460,49360,44016.33594,10743600
2017.12.28,49560,50960,49500,50960,45443.125,8985450
2018.1.3,52540,52560,51420,51620,46031.67188,10013500
2018.1.4,52120,52180,50640,51080,45550.12891,11695450
2018.1.5,51300,52120,51200,52120,46477.53906,9481150
2018.1.8,52400,52520,51500,52020,46388.37109,8383650
2018.1.9,51460,51720,49980,50400,44943.75391,18013600
2018.1.10,50500,50520,48640,48840,43552.63672,18566800
2018.1.11,48200,49260,48020,48240,43017.58984,25123800
2018.1.12,48240,48480,46760,48200,42981.91797,27270450
2018.1.15,48800,48980,47920,48540,43285.10938,10096000
2018.1.16,48760,50140,48620,50000,44587.05078,20389650
2018.1.17,50020,50020,49060,49620,44248.1875,11053050
2018.1.18,50020,50640,49820,49900,44497.875,14848850
2018.1.19,50380,50380,49040,49320,43980.66797,9219950
2018.1.22,48640,48680,47960,48240,43017.58984,12520900
2018.1.23,48660,49160,48300,49160,43837.98828,13532700
2018.1.24,48860,49700,48560,49340,43998.51172,9550500
2018.1.25,49220,50360,49160,50260,44818.90234,11160350
2018.1.26,50500,50780,49840,50780,45282.60938,10350100
2018.1.29,51200,51480,50900,51220,45674.98047,11838800
2018.1.30,50440,50640,49780,49800,44408.70313,12284550
2018.1.31,50020,54140,49600,49900,44497.875,64681300
2018.2.1,50620,50960,49720,49820,44426.53906,27609450
2018.2.2,49380,49400,47700,47700,42536.05078,29260350
2018.2.5,46500,48320,46000,47920,42732.23047,28357900
2018.2.6,46600,47920,46580,47420,42286.36328,19406450
2018.2.7,48240,48260,45800,45800,40841.73828,23448050
2018.2.8,46120,46620,45980,46000,41020.08594,23251050
2018.2.9,44440,45180,44420,44700,39860.82813,17465000
2018.2.12,45100,46320,45040,45720,40770.40234,15754950
2018.2.13,46200,48060,46200,47540,42393.37109,18923250
2018.2.14,48080,49100,47940,49000,43695.31641,18905900
2018.2.19,49800,49800,47860,48380,43142.43359,15353450
2018.2.20,48040,48160,47220,47400,42268.52344,10122600
2018.2.21,47280,47580,46840,47280,42161.51563,12880200
2018.2.22,47260,47260,46760,46760,41697.80859,8869950
2018.2.23,46760,47800,46760,47220,42108.01563,12423300
2018.2.26,47280,47560,47080,47380,42250.69531,9560650
2018.2.27,48360,48380,47380,47380,42250.69531,9830550
2018.2.28,47380,48100,47000,47060,41965.33203,15162350
2018.3.2,46580,46800,46000,46020,41037.92578,13265500
2018.3.5,45820,46160,45080,45200,40306.69531,14100950
2018.3.6,45920,47100,45820,47020,41929.66016,15423350
2018.3.7,48200,48900,47220,48620,43356.45313,21427050
2018.3.8,49200,49480,48080,49200,43873.66797,19463650
2018.3.9,49440,50540,49240,49740,44355.19922,14304400
2018.3.12,50560,50780,49580,49740,44355.19922,8688950
2018.3.13,50760,51660,50360,51660,46067.33594,20098700
2018.3.14,51020,52000,51000,51760,46156.51563,12713250
2018.3.15,52000,52020,51020,51540,45960.32813,8882450
2018.3.16,51220,51420,50240,51140,45603.64453,12184900
2018.3.19,50620,51340,50440,50740,45246.94141,8218850
2018.3.20,50700,51200,50100,51200,45657.13672,8193250
2018.3.21,51780,51780,51060,51060,45532.29688,8905200
2018.3.22,51060,51780,51040,51780,46174.35156,8454100
2018.3.23,50340,50720,49600,49720,44337.36328,14854950
2018.3.26,49420,50280,49040,50280,44836.74219,10057750
2018.3.27,50320,50460,49080,49980,44569.21875,11874000
2018.3.28,49100,49100,48340,48700,43427.78906,15159450
2018.3.29,48700,49560,48320,49040,44051.19141,10067000
2018.3.30,49080,49900,49080,49220,44212.875,7777100
2018.4.2,49000,49220,48500,48540,43602.05469,7115650
2018.4.3,47880,48140,47280,48120,43224.77734,12768250
2018.4.4,48160,48260,46920,46920,42146.85938,12384200
2018.4.5,47400,49380,47340,48740,43781.71094,13245600
2018.4.6,48000,48580,47400,48400,43476.29688,12532700
2018.4.9,48260,49440,48200,49200,44194.91016,9950400
2018.4.10,48540,49220,48040,48880,43907.47266,10984350
2018.4.11,49900,49900,48600,48860,43889.49609,10051100
2018.4.12,49440,49440,48880,49000,44015.26172,12466250
2018.4.13,49600,50180,49400,49800,44733.875,10278300
2018.4.16,50320,50600,49860,50340,45218.94141,7877450
2018.4.17,50240,50540,49820,49980,44895.56641,7772000
2018.4.18,51000,51360,50580,51360,46135.17188,13462600
2018.4.19,52000,52980,51540,52780,47410.72266,17190550
2018.4.20,51800,52260,51420,51620,46368.73438,11761000
2018.4.23,51000,52080,51000,51900,46620.24219,11619000
2018.4.24,51840,51860,50080,50460,45326.73047,15770300
2018.4.25,49220,50500,49220,50400,45272.83594,16614600
2018.4.26,50420,52160,50400,52140,46835.82813,18046550
2018.4.27,53380,53640,52440,53000,47608.33594,30310800
2018.4.30,53000,53000,53000,53000,47608.33594,1
2018.5.2,53000,53000,53000,53000,47608.33594,1
2018.5.3,53000,53000,53000,53000,47608.33594,1
2018.5.4,53000,53900,51800,51900,46620.24219,39565391
2018.5.8,52600,53200,51900,52600,47249.03125,23104720
2018.5.9,52600,52800,50900,50900,45721.96484,16128305
2018.5.10,51700,51700,50600,51600,46350.75781,13905263
2018.5.11,52000,52200,51200,51300,46081.27734,10314997
2018.5.14,51000,51100,49900,50100,45003.35547,14909272
2018.5.15,50200,50400,49100,49200,44194.91016,18709146
2018.5.16,49200,50200,49150,49850,44778.78906,15918683
2018.5.17,50300,50500,49400,49400,44374.57031,10365440
2018.5.18,49900,49900,49350,49500,44464.38672,6706570
2018.5.21,49650,50200,49100,50000,44913.52734,9020998
2018.5.23,50600,52000,50400,51800,46530.42188,17095490
2018.5.24,52000,52000,51100,51400,46171.10547,8289275
2018.5.25,51000,52800,50800,52700,47338.85938,15207266
2018.5.28,52500,53000,52000,52300,46979.55078,9787820
2018.5.29,52200,52500,51300,51300,46081.27734,8480437
2018.5.30,51300,51500,49100,49500,44464.38672,20498098
2018.5.31,50400,50800,49850,50700,45542.31641,63491109
2018.6.1,50500,51700,49950,51300,46081.27734,13038499
2018.6.4,50800,51200,50700,51100,45901.62891,9767171
2018.6.5,51100,51400,50400,51300,46081.27734,9144100
2018.6.7,51800,51800,50500,50600,45452.48438,13590016
2018.6.8,50200,50400,49600,49650,44599.14453,16951706
2018.6.11,49750,50300,49350,49900,44823.69531,10571312
2018.6.12,49700,49800,49250,49400,44374.57031,12110569
2018.6.14,49000,49000,48200,48200,43296.63672,20971729
2018.6.15,48500,48700,47650,47650,42802.58984,17080892
2018.6.18,47600,47650,46200,46600,41859.40625,16661870
2018.6.19,47200,47350,46500,47000,42218.71875,15217971
2018.6.20,47450,47600,46850,47000,42218.71875,12959316
2018.6.21,47900,47900,47050,47050,42263.625,10015541
2018.6.22,47000,47250,46200,47250,42443.28516,10298006
2018.6.25,47050,47050,46150,46650,41904.32031,10587711
2018.6.26,45900,47300,45900,47000,42218.71875,11223166
2018.6.27,47450,48500,47000,47950,43072.07813,15274752
2018.6.28,46850,47150,46600,46800,42351.73438,12784800
2018.6.29,46250,47150,46200,46650,42215.98828,14099635
2018.7.2,46500,47150,45500,45550,41220.55078,13112253
2018.7.3,45750,46450,45750,46150,41763.51172,10959655
2018.7.4,46700,47050,46050,46250,41854.00781,8776763
2018.7.5,46100,46550,45600,45950,41582.51563,7039773
2018.7.6,45500,45850,44650,44900,40632.32422,17843706
2018.7.9,45500,46100,45200,45600,41265.78906,11602464
2018.7.10,46200,46550,46100,46300,41899.25781,10528665
2018.7.11,46400,46450,45400,46000,41627.76953,11224077
2018.7.12,45900,46250,45450,45500,41175.29297,11828104
2018.7.13,45800,46500,45750,46500,42080.24609,11543389
2018.7.16,46800,46800,46000,46050,41673.01563,7678719
2018.7.17,46150,46200,45600,45850,41492.03125,8892953
2018.7.18,46700,47200,46450,46550,42125.49219,10952645
2018.7.19,47050,47200,46600,46900,42442.23047,9880128
2018.7.20,47000,47600,46700,47450,42939.94922,10474547
2018.7.23,47100,47200,46150,46500,42080.24609,10823782
2018.7.24,46350,46600,45950,46150,41763.51172,8261363
2018.7.25,46250,46550,45900,46150,41763.51172,7222471
2018.7.26,46100,47000,46000,46900,42442.23047,7374946
2018.7.27,46450,47000,46450,46900,42442.23047,4762460
2018.7.30,46550,46800,46350,46500,42080.24609,5723035
2018.7.31,46200,46450,46000,46250,41854.00781,8033607
2018.8.1,46050,46850,46050,46550,42125.49219,7484499
2018.8.2,46550,46800,45500,45550,41220.55078,8560924
2018.8.3,45850,45900,45450,45750,41401.53125,8274944
2018.8.6,46150,46150,45750,45800,41446.78125,6771979
2018.8.7,46300,46750,45900,46700,42261.23438,9058174
2018.8.8,47000,47000,46550,46800,42351.73438,6429338
2018.8.9,47000,47050,46450,46900,42442.23047,12010886
2018.8.10,46150,46400,44850,45400,41084.80469,16670643
2018.8.13,44950,45100,44650,45050,40768.0625,9803831
2018.8.14,44850,45400,44850,45150,40858.56641,6409259
2018.8.16,43800,44650,43700,44250,40044.09766,10088229
2018.8.17,44050,44400,44050,44100,39908.36719,6808747
2018.8.20,43500,44200,43500,43850,39682.12891,7289124
2018.8.21,43700,44900,43700,44800,40541.83203,9520270
2018.8.22,45150,46200,44900,46100,41718.26953,11641656
2018.8.23,46150,46200,45700,46200,41808.76563,6730918
2018.8.24,45900,46400,45550,46150,41763.51172,6582535
2018.8.27,46100,46550,46000,46300,41899.25781,5263782
2018.8.28,46800,46950,46300,46550,42125.49219,7365976
2018.8.29,46750,46800,46400,46800,42351.73438,5572374
2018.8.30,46950,47950,46700,47650,43120.93359,12193231
2018.8.31,47100,48450,47000,48450,43844.90234,13577454
2018.9.3,48200,48300,47300,47450,42939.94922,8595084
2018.9.4,47550,47800,47200,47650,43120.93359,6791255
2018.9.5,47300,47450,46400,46600,42170.74219,9139998
2018.9.6,46200,46400,45800,46100,41718.26953,9040553
2018.9.7,44500,45200,44400,44900,40632.32422,18285508
2018.9.10,45450,45550,45000,45500,41175.29297,9979838
2018.9.11,45550,45900,45050,45050,40768.0625,9865790
2018.9.12,44900,45100,44500,44550,40315.59766,12995269
2018.9.13,44550,44750,44000,44050,39863.11328,18277942
2018.9.14,45000,45850,44900,45850,41492.03125,12446344
2018.9.17,45550,45800,44900,45150,40858.56641,8123384
2018.9.18,44950,45900,44700,45500,41175.29297,9987090
2018.9.19,46000,46200,45700,46150,41763.51172,9367454
2018.9.20,46850,47600,46400,47250,42758.96094,13536966
2018.9.21,46550,47550,46550,47400,42894.70313,14476906
2018.9.27,46950,47500,46450,47500,43308.64063,15804586
2018.9.28,47250,47250,46300,46450,42351.29297,11270515
2018.10.1,46450,46800,45800,46350,42260.10938,6354983
2018.10.2,46450,46700,45700,45700,41667.47656,6607188
2018.10.4,45150,45600,44700,44700,40755.71094,11865327
2018.10.5,44800,45500,44550,44700,40755.71094,10544165
2018.10.8,44200,45200,44200,44950,40983.65234,6759464
2018.10.10,45250,45500,44500,45300,41302.77344,10341349
2018.10.11,44000,44650,43100,43100,39296.89844,19324537
2018.10.12,43200,44650,43200,44000,40117.48047,12640906
2018.10.15,44050,44050,43350,43800,39935.125,7434522
2018.10.16,43700,44150,43350,43600,39752.77344,6825677
2018.10.17,44150,44500,44000,44150,40254.24219,8306193
2018.10.18,43950,44450,43700,44050,40163.06641,8347725
2018.10.19,43900,44150,43450,43900,40026.30078,7842520
2018.10.22,43450,43950,43200,43550,39707.18359,8357648
2018.10.23,43300,43450,42550,43050,39251.30469,9531231
2018.10.24,43050,43100,42250,42550,38795.42578,13522825
2018.10.25,40600,41550,40550,41000,37382.19922,19338170
2018.10.26,41100,41300,40400,41000,37382.19922,14413864
2018.10.29,40850,41950,40550,41400,37746.89844,14460521
2018.10.30,41400,43000,41000,42350,38613.07422,14205190
2018.10.31,42900,43350,41700,42400,38658.65625,17621480
2018.11.1,42450,42950,42150,42150,38430.72266,13423132
2018.11.2,43050,44250,42800,44150,40254.24219,16517112
2018.11.5,43750,43800,42900,43800,39935.125,9426777
2018.11.6,43750,43800,42950,43750,39889.53906,7713625
2018.11.7,43600,44500,43400,44000,40117.48047,11553998
2018.11.8,44900,45050,44050,44050,40163.06641,12617397
2018.11.9,44450,44850,43900,44300,40391.00391,7318500
2018.11.12,43850,45250,43700,45200,41211.58984,8552566
2018.11.13,43900,44500,43400,44500,40573.36328,9311126
2018.11.14,44500,44500,43800,44100,40208.65234,6783344
2018.11.16,44600,44750,43700,44000,40117.48047,7777124
2018.11.19,44050,44250,43450,43650,39798.36328,7538720
2018.11.20,42450,43000,42100,42800,39023.36328,9420664
2018.11.21,41800,42300,41800,42100,38385.13281,10769589
2018.11.22,42000,42650,42000,42450,38704.25,5970796
2018.11.23,42450,42600,41900,42400,38658.65625,5192638
2018.11.26,42150,42800,42100,42600,38841.01172,6613009
2018.11.27,42900,43100,42500,43050,39251.30469,8367091
2018.11.28,42800,43200,42750,43150,39342.48828,6943099
2018.11.29,43850,43850,42900,43150,39342.48828,8473511
2018.11.30,43450,44000,41750,41850,38157.19531,19775519
2018.12.3,42750,43400,42400,43250,39433.66406,12110702
2018.12.4,42650,42900,41900,42150,38430.72266,14347746
2018.12.5,40900,41750,40850,41450,37792.49219,12631983
2018.12.6,40600,41100,40450,40500,36926.31641,14251826
2018.12.7,40900,41400,40850,40950,37336.60938,11433083
2018.12.10,40450,40650,40000,40200,36652.78906,14892263
2018.12.11,40600,40700,40200,40250,36698.375,10638766
2018.12.12,40250,40700,40150,40450,36880.72266,12024279
2018.12.13,40650,40750,40000,40000,36470.42969,26254646
2018.12.14,40200,40200,38700,38950,35513.08594,19671783
2018.12.17,38650,39600,38650,39150,35695.44141,11532968
2018.12.18,38300,39200,38300,38900,35467.5,11042101
2018.12.19,38900,39350,38850,39100,35649.84375,9942037
2018.12.20,38600,39100,38500,38650,35239.55859,11937617
2018.12.21,38200,38650,38100,38650,35239.55859,14947080
2018.12.24,38500,39050,38300,38800,35376.32031,9729530
2018.12.26,38400,38750,38300,38350,34966.02734,12707675
2018.12.27,38700,38800,38100,38250,35199.77344,10510643
2018.12.28,38250,38900,38200,38700,35613.88672,9900267
2019.1.2,39400,39400,38550,38750,35659.90625,7847664
2019.1.3,38300,38550,37450,37600,34601.61328,12471493
2019.1.4,37450,37600,36850,37450,34463.57813,14108958
2019.1.7,38000,38900,37800,38750,35659.90625,12748997
2019.1.8,38000,39200,37950,38100,35061.73438,12756554
2019.1.9,38650,39600,38300,39600,36442.12109,17452708
2019.1.10,40000,40150,39600,39800,36626.17578,14731699
2019.1.11,40350,40550,39950,40500,37270.35547,11661063
2019.1.14,40450,40700,39850,40050,36856.23047,11984996
2019.1.15,40050,41100,39850,41100,37822.5,11492756
2019.1.16,41150,41450,40700,41450,38144.59375,8491595
2019.1.17,41700,42100,41450,41950,38604.72266,11736903
2019.1.18,42000,42400,41950,42300,38926.80469,11029256
2019.1.21,42700,42750,41900,42750,39340.92188,11355701
2019.1.22,42750,42850,41850,42150,38788.76953,9964356
2019.1.23,41350,42250,41350,42000,38650.73438,11071079
2019.1.24,43050,43100,42350,43050,39617.00391,14747623
2019.1.25,44300,44750,43750,44750,41181.4375,22789395
2019.1.28,45000,45500,44600,45050,41457.51563,17998914
2019.1.29,45050,45500,44350,45500,41871.62109,16215017
2019.1.30,44800,46400,44800,46400,42699.85547,17505980
2019.1.31,46650,47050,46150,46150,42469.79688,21621145
2019.2.1,46650,46950,46250,46350,42653.84766,13832454
2019.2.7,46800,47100,46200,46200,42515.8125,15872001
2019.2.8,45700,45700,44650,44800,41227.44922,12689196
2019.2.11,44500,45000,44250,45000,41411.5,11125044
2019.2.12,44650,46250,44650,46050,42377.76563,13184367
2019.2.13,46400,46700,46000,46200,42515.8125,11299738
2019.2.14,46600,47500,46150,47500,43712.14063,17259341
2019.2.15,46750,46850,45650,46050,42377.76563,10554643
2019.2.18,46500,46850,45850,46200,42515.8125,8183728
2019.2.19,45850,46150,45450,45950,42285.74219,6741395
2019.2.20,46750,47100,46500,46900,43159.99219,11506720
2019.2.21,46500,47200,46200,46950,43206,8694009
2019.2.22,46500,47150,46450,47150,43390.05078,6895772
2019.2.25,47400,47550,47050,47350,43574.10156,7484716
2019.2.26,47350,47450,46500,46750,43021.94531,7985547
2019.2.27,47000,47250,46750,46750,43021.94531,8045211
2019.2.28,46400,46500,45100,45100,41503.53125,23569321
2019.3.4,46000,46100,44800,44850,41273.46484,12926539
2019.3.5,44600,45100,44150,44250,40721.30469,10612405
2019.3.6,44000,44300,43700,44000,40491.25,10202544
2019.3.7,43400,44950,43400,44450,40905.35938,11049749
2019.3.8,44450,44800,43800,43800,40307.19922,7729069
2019.3.11,44400,44450,43650,43650,40169.15234,10717408
2019.3.12,44300,44950,44150,44650,41089.40625,11431977
2019.3.13,44250,44450,43700,43850,40353.21094,8108343
2019.3.14,43700,44300,43550,43850,40353.21094,18039161
2019.3.15,43800,44250,43700,44200,40675.29688,16814163
2019.3.18,43950,44150,43450,43700,40215.16797,8188876
2019.3.19,43750,43900,43550,43900,40399.21875,7609563
2019.3.20,43800,44200,43100,44050,40537.26172,9846242
2019.3.21,44600,46250,44050,45850,42193.71484,21138016
2019.3.22,46850,47000,46250,46550,42837.89844,12535911
2019.3.25,45300,45650,44800,45500,41871.62109,8699728
2019.3.26,45500,45700,44900,45250,41641.55859,9729811
2019.3.27,44750,45600,44250,45350,41733.58594,9568081
2019.3.28,44950,45200,44300,44850,41598.17969,6821306
2019.3.29,44500,44900,44200,44650,41412.67969,11491713
2019.4.1,45200,45450,44850,45050,41783.66797,7362129
2019.4.2,45550,46100,45350,45750,42432.91797,9480688
2019.4.3,46750,46750,45800,46600,43221.28516,12436570
2019.4.4,46150,47100,46150,46950,43545.91797,12650168
2019.4.5,46950,47550,46600,46850,43453.16406,8546339
2019.4.8,47250,47250,46150,46650,43267.66797,8507909
2019.4.9,46700,46950,46200,46650,43267.66797,6878761
2019.4.10,46400,46700,46050,46700,43314.04297,11883995
2019.4.11,46700,46800,46150,46250,42896.66406,13697399
2019.4.12,46050,46900,46000,46850,43453.16406,7668936
2019.4.15,47150,47500,47000,47050,43638.66016,8733019
2019.4.16,47400,47400,46800,47250,43824.16797,7730881
2019.4.17,47300,47600,47000,47050,43638.66016,5513658
2019.4.18,47200,47250,45500,45600,42293.79297,12808747
2019.4.19,45750,46000,45250,45300,42015.54297,8479710
2019.4.22,45400,45900,45100,45350,42061.92188,6006957
2019.4.23,45050,45500,45000,45200,41922.80078,6920566
2019.4.24,45400,45650,44150,44750,41505.42578,13299267
2019.4.25,44250,45000,44100,44650,41412.67969,10868965
2019.4.26,44200,45000,43800,44850,41598.17969,9739982
2019.4.29,45150,46150,45100,46150,42803.91797,8777517
2019.4.30,46000,46300,45350,45850,42525.67188,11121273
2019.5.2,45500,46150,45400,45900,42572.04297,8625126
2019.5.3,45900,46050,45300,45300,42015.54297,6562916
2019.5.7,45250,45300,44400,44850,41598.17969,12014907
2019.5.8,44300,44850,44200,44250,41041.67578,10398754
2019.5.9,43900,44250,42450,42450,39372.1875,23029718
2019.5.10,42600,43450,42450,42900,39789.56641,14579512
2019.5.13,42500,43200,42350,42650,39557.6875,7635079
2019.5.14,41300,43100,41300,42650,39557.6875,11563730
2019.5.15,42700,43050,42550,42550,39464.92969,7670185
2019.5.16,42350,42400,41350,41550,38537.4375,13687828
2019.5.17,41950,42050,40850,41200,38212.82031,13357951
2019.5.20,41650,42100,41550,42000,38954.8125,15752397
2019.5.21,42600,43950,42350,43150,40021.42969,18812133
2019.5.22,43700,43800,42400,43500,40346.05859,11033339
2019.5.23,43900,44000,43250,43850,40670.68359,12259006
2019.5.24,43800,43800,42400,42700,39604.0625,13966305
2019.5.27,42500,43000,42350,42650,39557.6875,8066669
2019.5.28,42550,42950,42150,42550,39464.92969,24506881
2019.5.29,41850,42100,41300,41800,38769.31641,14930618
2019.5.30,42200,42700,42150,42550,39464.92969,11766018
2019.5.31,42600,42800,42150,42500,39418.55859,11365999
2019.6.3,42950,43900,42500,43800,40624.30469,15466580
2019.6.4,43400,43700,43000,43450,40299.67969,9913497
2019.6.5,44050,44200,43700,43900,40717.05859,12464135
2019.6.7,43600,44350,43450,44200,40995.30078,11683682
2019.6.10,44300,44850,44050,44800,41551.79688,8792182
2019.6.11,44800,45000,44550,44850,41598.17969,6664872
2019.6.12,44800,45050,44300,44600,41366.29688,8607439
2019.6.13,44200,44400,43400,43750,40577.92969,16906541
2019.6.14,43750,44150,43300,44000,40809.80078,9322873
2019.6.17,43750,44050,43400,43900,40717.05859,11890424
2019.6.18,43750,44500,43650,44350,41134.42969,7994928
2019.6.19,45450,45450,45000,45350,42061.92188,10417690
2019.6.20,44850,45500,44850,45500,42201.05078,7147785
2019.6.21,45750,45800,45200,45700,42386.55078,9454913
2019.6.24,45200,45800,45200,45500,42201.05078,6085066
2019.6.25,45200,45800,45200,45600,42293.79297,7076774
2019.6.26,45800,46000,45600,45700,42386.55078,9226097
2019.6.27,46000,46600,45750,46500,43465.23438,12603534
2019.6.28,47000,47000,46700,47000,43932.60156,12949231
2019.7.1,47350,47400,46250,46600,43558.70313,11383522
2019.7.2,46200,46900,45850,46250,43231.54297,8463073
2019.7.3,45750,46350,45200,45400,42437.01953,9669368
2019.7.4,45250,46200,45250,46000,42997.85938,6365573
2019.7.5,45950,45950,45250,45650,42670.69922,7235395
2019.7.8,44750,44800,44350,44400,41502.28906,7823843
2019.7.9,44850,45450,44700,45100,42156.59766,7646421
2019.7.10,45550,46150,45500,45550,42577.23438,9253930
2019.7.11,46350,46550,46150,46200,43184.80859,10989751
2019.7.12,46350,46400,45800,46300,43278.28125,5245804
2019.7.15,45950,46650,45750,46450,43418.49609,4717226
2019.7.16,46450,46850,46300,46850,43792.38672,7407824
2019.7.17,46150,46350,45950,46050,43044.60156,5216602
2019.7.18,46450,46450,45650,46100,43091.33594,5143554
2019.7.19,46650,46950,46600,46800,43745.65234,8819393
2019.7.22,46800,47300,46600,47200,44119.54688,9009109
2019.7.23,47350,47550,47050,47300,44213.02344,9061381
2019.7.24,47100,47150,46250,46400,43371.75391,8756522
2019.7.25,47150,47200,46600,47200,44119.54688,8408838
2019.7.26,46650,47150,46550,47150,44072.80859,7873886
2019.7.29,46800,47050,46000,46100,43091.33594,6856846
2019.7.30,46300,46850,46300,46550,43511.96875,5551014
2019.7.31,46200,46600,45000,45350,42390.28516,12872916
2019.8.1,44900,45500,44850,45200,42250.07422,7811181
2019.8.2,44550,45500,44300,44950,42016.39063,12151374
2019.8.5,44350,44600,43600,43950,41081.65625,14214086
2019.8.6,42500,43800,42500,43500,40661.02344,15083824
2019.8.7,43600,43900,43100,43200,40380.60156,10002533
2019.8.8,43250,43500,42650,42650,39866.49609,16926881
2019.8.9,43250,43350,43050,43150,40333.87109,9685147
2019.8.12,44000,44000,43550,43700,40847.96875,8466169
2019.8.13,43500,43500,42950,43000,40193.65234,7276979
2019.8.14,43900,44250,43500,43700,40847.96875,8750135
2019.8.16,43800,43900,43300,43900,41034.91797,9528115
2019.8.19,44350,44350,43500,43600,40754.49219,6014218
2019.8.20,43950,44600,43550,44450,41549.02734,8434205
2019.8.21,44350,44800,44150,44500,41595.75781,6571717
2019.8.22,44500,44700,43850,44050,41175.12891,8061177
2019.8.23,43800,44200,43650,43950,41081.65625,5017381
2019.8.26,43050,43800,42950,43600,40754.49219,7954949
2019.8.27,43650,44200,43600,44050,41175.12891,16883932
2019.8.28,44100,44400,43750,44150,41268.60156,5758333
2019.8.29,44200,44200,43050,43400,40567.55078,10768862
2019.8.30,43750,44300,43750,44000,41128.39453,9899073
2019.9.2,44850,44850,43650,43800,40941.44531,7185537
2019.9.3,43550,43650,43100,43250,40427.34375,9774941
2019.9.4,43250,44100,43150,44100,41221.85938,12441837
2019.9.5,44800,46100,44450,45700,42717.44141,18297430
2019.9.6,46500,46500,45850,46300,43278.28125,9896562
2019.9.9,46450,47000,46300,46900,43839.12891,9434157
2019.9.10,47100,47200,46550,47000,43932.60156,9231792
2019.9.11,47300,47400,46800,47150,44072.80859,16141619
2019.9.16,47000,47100,46400,47100,44026.07813,15550926
2019.9.17,47000,47100,46800,46900,43839.12891,7006280
2019.9.18,46900,47700,46800,47700,44586.91797,10413027
2019.9.19,48050,49200,47850,49150,45942.28516,16461413
2019.9.20,49400,49600,49100,49200,45989.02344,15460210
2019.9.23,49250,49300,49000,49300,46082.48828,7568553
2019.9.24,49050,49650,48850,49500,46269.44531,7871955
2019.9.25,49200,49350,48800,48900,45708.60156,9187141
2019.9.26,49000,49250,48900,49200,45989.02344,8494756
2019.9.27,48000,48700,48000,48400,45569.10547,8048041
2019.9.30,48050,49250,47900,49050,46181.08594,9497119
2019.10.1,48900,49100,48650,48850,45992.78125,6206035
2019.10.2,48350,48400,47600,47600,44815.89844,8382463
2019.10.4,47400,48650,47350,48000,45192.5,9331695
2019.10.7,48350,48700,47650,47750,44957.11719,7047273
2019.10.8,47900,49000,47600,48900,46039.86328,14239367
2019.10.10,48200,49200,48000,48550,45710.33203,18639855
2019.10.11,49000,49450,48800,49150,46275.23828,7783275
2019.10.14,50000,50300,49850,50000,47075.52734,11130635
2019.10.15,49900,50200,49900,50100,47169.66797,6058105
2019.10.16,50700,50900,50400,50700,47734.57813,9136282
2019.10.17,50500,50600,50100,50500,47546.28125,6701380
2019.10.18,50300,50900,49650,49900,46981.37109,8483106
2019.10.21,49900,50400,49800,50300,47357.97266,4406531
2019.10.22,50800,51500,50700,51200,48205.32813,10898729
2019.10.23,51300,51500,50800,51200,48205.32813,8663880
2019.10.24,52500,52500,50500,50700,47734.57813,21185785
2019.10.25,50800,51200,50500,50900,47922.88281,7879897
2019.10.28,50700,51500,50700,51300,48299.48438,6431522
2019.10.29,51400,51700,50800,51100,48111.18359,7581629
2019.10.30,50700,50800,50200,50400,47452.125,8959435
2019.10.31,51000,51400,50300,50400,47452.125,10304777
2019.11.1,50600,51200,50400,51200,48205.32813,8467846
2019.11.4,51700,52300,51400,52300,49240.99219,13012411
2019.11.5,52400,52700,52100,52700,49617.60156,10581034
2019.11.6,52900,53500,52700,53300,50182.50391,14361133
2019.11.7,53400,53400,52400,52900,49805.90234,9257116
2019.11.8,53200,53300,52000,52100,49052.69531,11603290
2019.11.11,52200,52200,51400,51600,48581.9375,8185952
2019.11.12,51800,52600,51600,52600,49523.44922,6576148
2019.11.13,52500,52500,52000,52500,49429.29688,6225196
2019.11.15,52900,53700,52600,53700,50559.11719,9703360
2019.11.18,53600,53800,53200,53500,50370.80859,7746554
2019.11.19,53200,53500,52700,53500,50370.80859,8907177
2019.11.20,53400,53400,52000,52000,48958.53906,12560070
2019.11.21,51600,52100,50600,51000,48017.03516,14298646
2019.11.22,51000,51600,50900,51600,48581.9375,8478310
2019.11.25,52200,52600,51700,51800,48770.24219,9050625
2019.11.26,51900,52900,51800,51800,48770.24219,27372226
2019.11.27,51800,52300,51600,52200,49146.84375,7546261
2019.11.28,51900,52100,51300,51300,48299.48438,6833885
2019.11.29,51200,51400,50200,50300,47357.97266,11179334
2019.12.2,50900,51300,50400,50400,47452.125,18877252
2019.12.3,49800,50300,49500,49900,46981.37109,12059812
2019.12.4,49600,49850,49000,49450,46557.69141,13246549
2019.12.5,50200,50400,49500,49500,46604.76953,10449715
2019.12.6,50100,50900,49950,50400,47452.125,11414563
2019.12.9,50900,51400,50700,51200,48205.32813,8470627
2019.12.10,51000,51600,50700,51500,48487.78906,6882771
2019.12.11,51500,52200,51400,51900,48864.39063,11379521
2019.12.12,53000,53300,52700,53300,50182.50391,29178697
2019.12.13,54500,54800,53900,54700,51500.625,18120261
2019.12.16,54500,54900,54300,54700,51500.625,11512405
2019.12.17,55800,56700,55400,56700,53383.64453,19358433
2019.12.18,56700,57200,56000,56300,53007.04297,15558208
2019.12.19,57000,57300,55500,56000,52724.58594,14180520
2019.12.20,56100,56500,55600,56000,52724.58594,12095519
2019.12.23,56100,56400,55100,55500,52253.82813,9839252
2019.12.24,55600,55700,54800,55000,51783.07813,11868463
2019.12.26,54700,55400,54400,55400,52159.68359,9645034
2019.12.27,55700,56900,55500,56500,53537.44141,12313056
2019.12.30,56200,56600,55700,55800,52874.14453,8356767
2020.1.2,55500,56000,55000,55200,52305.60547,12993228
2020.1.3,56000,56600,54900,55500,52589.875,15422255
2020.1.6,54900,55600,54600,55500,52589.875,10278951
2020.1.7,55700,56400,55600,55800,52874.14453,10009778
2020.1.8,56200,57400,55900,56800,53821.70313,23501171
2020.1.9,58400,58600,57400,58600,55527.32813,24102579
2020.1.10,58800,59700,58300,59500,56380.13281,16000170
2020.1.13,59600,60000,59100,60000,56853.92188,11359139
2020.1.14,60400,61000,59900,60000,56853.92188,16906295
2020.1.15,59500,59600,58900,59000,55906.35156,14300928
2020.1.16,59100,60700,59000,60700,57517.20703,14381774
2020.1.17,61900,62000,61000,61300,58085.75391,16025661
2020.1.20,62000,62800,61700,62400,59128.07813,12528855
2020.1.21,62000,62400,61200,61400,58180.51172,11142693
2020.1.22,60500,62600,60400,62300,59033.32031,15339565
2020.1.23,61800,61800,60700,60800,57611.96875,14916555
2020.1.28,59400,59400,58300,58800,55716.83594,23664541
2020.1.29,59100,59700,58800,59100,56001.10938,16446102
2020.1.30,58800,58800,56800,57200,54200.73438,20821939
2020.1.31,57800,58400,56400,56400,53442.68359,19749457
2020.2.3,55500,57400,55200,57200,54200.73438,23995260
2020.2.4,57100,59000,56800,58900,55811.60156,21800192
2020.2.5,60000,60200,58900,59500,56380.13281,19278165
2020.2.6,60100,61100,59700,61100,57896.23828,14727159
2020.2.7,61100,61200,59700,60400,57232.94531,16402493
2020.2.10,59200,59800,59100,59700,56569.64453,13107121
2020.2.11,59800,60700,59700,59900,56759.16016,11071231
2020.2.12,60300,60700,59700,60500,57327.69531,12904207
2020.2.13,61200,61600,60500,60700,57517.20703,18449775
2020.2.14,60900,61900,60200,61800,58559.53906,13276067
2020.2.17,61600,62000,61200,61500,58275.26563,8740596
2020.2.18,60800,60900,59700,59800,56664.40234,16674266
2020.2.19,59800,60400,59400,60200,57043.43359,12951496
2020.2.20,60700,61300,59600,60000,56853.92188,14591924
2020.2.21,58800,59800,58500,59200,56095.86328,13777393
2020.2.24,57400,58100,56800,56800,53821.70313,25627537
2020.2.25,56200,58000,56200,57900,54864.02734,23885408
2020.2.26,56000,57000,56000,56500,53537.44141,25483102
2020.2.27,56300,56900,55500,55900,52968.89844,23209541
2020.2.28,55000,55500,54200,54200,51358.03906,30054227
2020.3.2,54300,55500,53600,55000,52116.09375,30403412
2020.3.3,56700,56900,55100,55400,52495.12109,30330295
2020.3.4,54800,57600,54600,57400,54390.24609,24765728
2020.3.5,57600,58000,56700,57800,54769.27344,21698990
2020.3.6,56500,57200,56200,56500,53537.44141,18716656
2020.3.9,56500,56500,56500,56500,53537.44141,18716656
2020.3.10,53800,54900,53700,54600,51737.07031,32106554
2020.3.11,54300,54400,52000,52100,49368.15234,45707281
2020.3.12,52100,52100,52100,52100,49368.15234,18716656
2020.3.13,47450,51600,46850,49950,47330.88672,59462933
2020.3.16,50100,50900,48800,48900,46335.94531,33339821
2020.3.17,46900,49650,46700,47300,44819.84375,51218151
2020.3.18,47750,48350,45600,45600,43208.97656,40152623
2020.3.19,46400,46650,42300,42950,40697.92578,56925513
2020.3.20,44150,45500,43550,45400,43019.46484,49730008
2020.3.23,42600,43550,42400,42500,40271.52734,41701626
2020.3.24,43850,46950,43050,46950,44488.19141,49801908
2020.3.25,48950,49600,47150,48650,46099.05078,52735922
2020.3.26,49000,49300,47700,47800,45293.625,42185129
2020.3.27,49600,49700,46850,48300,45767.41016,39896178
2020.3.30,47050,48350,46550,47850,45675.76563,26797395
2020.3.31,48000,48500,47150,47750,45580.30469,30654261
2020.4.1,47450,47900,45800,45800,43718.91406,27259532
2020.4.2,46200,46850,45350,46800,44673.47656,21621076
2020.4.3,47400,47600,46550,47000,44864.39063,22784682
2020.4.6,47500,48800,47250,48700,46487.14063,23395726
2020.4.7,49650,50200,49000,49600,47346.25,31524034
2020.4.8,49600,49750,48600,48600,46391.68359,25010314
2020.4.9,49750,49800,48700,49100,46868.96875,22628058
2020.4.10,48950,49250,48650,49250,47012.15234,17839111
2020.4.13,48650,48900,48300,48300,46105.32031,14431800
2020.4.14,48800,49200,48300,49000,46773.50781,14206216
2020.4.16,49350,49350,48550,49000,46773.50781,23349760
2020.4.17,50800,52000,50300,51400,49064.45313,32041675
2020.4.20,51400,51400,50000,50100,47823.52734,21866354
2020.4.21,49400,49700,48700,49250,47012.15234,27407543
2020.4.22,48700,50000,48350,49850,47584.89063,18613864
2020.4.23,50200,50300,49500,49850,47584.89063,18754442
2020.4.24,49650,49750,49000,49350,47107.60547,15618347
2020.4.27,49350,50000,49100,49850,47584.89063,14049471
2020.4.28,49850,50100,49300,50100,47823.52734,16095399
2020.4.29,49900,50500,49600,50000,47728.07422,15604533
2020.5.4,48900,49100,48500,48500,46296.23438,26083749
2020.5.6,49000,49200,48500,49200,46964.42578,18070225
2020.5.7,49200,49300,48700,48800,46582.59766,13884411
2020.5.8,49100,49350,48800,48800,46582.59766,15319700
2020.5.11,48900,49250,48300,48400,46200.77344,16357743
2020.5.12,48400,48500,47550,47900,45723.5,23433590
2020.5.13,47250,48550,47200,48550,46343.95703,20223277
2020.5.14,47750,48100,47650,48000,45818.94922,19305974
2020.5.15,48400,48450,47700,47850,45675.76563,18463118
2020.5.18,47950,49100,47600,48800,46582.59766,20481981
2020.5.19,50100,50500,49700,50300,48014.4375,25168295
2020.5.20,50000,50200,49800,50000,47728.07422,14896899
2020.5.21,50300,50400,49850,49950,47680.34375,14949266
2020.5.22,49600,49800,48600,48750,46534.87109,19706284
2020.5.25,48750,48900,48450,48850,46630.32422,14337913
2020.5.26,48700,49450,48600,49250,47012.15234,15127490
2020.5.27,48950,50000,48800,49900,47632.61328,19548479
2020.5.28,51100,51200,49900,50400,48109.89844,31309318
2020.5.29,50000,50700,49700,50700,48396.26563,27596961
2020.6.1,50800,51200,50600,51200,48873.54297,16949183
2020.6.2,51000,51500,50800,51400,49064.45313,14247933
2020.6.3,51800,55000,51700,54500,52023.60156,49257814
2020.6.4,55800,57000,54600,54600,52119.05859,40220334
2020.6.5,54400,55900,54000,55500,52978.16016,22743629
2020.6.8,56400,56500,54700,54900,52405.42188,25634965
2020.6.9,55800,56500,54400,55500,52978.16016,23998831
2020.6.10,55100,55900,54900,55400,52882.70313,16742493
2020.6.11,54500,55100,53200,54300,51832.6875,33815123
2020.6.12,52100,52800,51500,52300,49923.5625,26976019
2020.6.15,51400,52000,49900,49900,47632.61328,28772921
2020.6.16,51200,52100,50600,52100,49732.65234,21808375
2020.6.17,52100,52900,51300,52200,49828.10547,26672595
2020.6.18,52200,52300,51600,52300,49923.5625,15982926
2020.6.19,52600,52900,51600,52900,50496.29688,18157985
2020.6.22,52000,52600,51800,52000,49637.19141,13801350
2020.6.23,52500,52800,51100,51400,49064.45313,18086152
2020.6.24,51900,53900,51600,52900,50496.29688,24519552
2020.6.25,52100,53000,51900,51900,49541.73828,18541624
2020.6.26,52800,53900,52200,53300,50878.12891,21575360
2020.6.29,52500,53200,52000,52400,50353.44922,17776925
2020.6.30,53900,53900,52800,52800,50737.82422,21157172
2020.7.1,53400,53600,52400,52600,50545.63672,16706143
2020.7.2,52100,52900,52100,52900,50833.92188,14142583
2020.7.3,53000,53600,52700,53600,51506.58203,11887868
2020.7.6,54000,55000,53800,55000,52851.90234,19856623
2020.7.7,55800,55900,53400,53400,51314.39063,30760032
2020.7.8,53600,53900,52900,53000,50930.01172,19664652
2020.7.9,53200,53600,52800,52800,50737.82422,17054850
2020.7.10,53100,53200,52300,52700,50641.73438,13714746
2020.7.13,53300,53800,53100,53400,51314.39063,12240188
2020.7.14,53700,53800,53200,53800,51698.76563,14269484
2020.7.15,54400,55000,54300,54700,52563.61719,24051450
2020.7.16,54800,54800,53800,53800,51698.76563,16779127
2020.7.17,54200,54700,54100,54400,52275.33594,10096174
2020.7.20,54800,54800,54000,54200,52083.14844,10507530
2020.7.21,55200,55400,54800,55300,53140.17969,18297260
2020.7.22,55300,55500,54700,54700,52563.61719,12885057
2020.7.23,54700,54700,53800,54100,51987.05078,16214932
2020.7.24,54000,54400,53700,54200,52083.14844,10994535
2020.7.27,54300,55700,54300,55600,53428.46875,21054421
2020.7.28,57000,58800,56400,58600,56311.29688,48431566
2020.7.29,60300,60400,58600,59000,56695.67969,36476611
2020.7.30,59700,60100,59000,59000,56695.67969,19285354
2020.7.31,59500,59600,57700,57900,55638.63672,21943345
2020.8.3,57800,57900,56700,56800,54581.59766,21158940
2020.8.4,57200,58100,57000,57300,55062.07031,19419694
2020.8.5,57300,57500,56300,56900,54677.69531,17739706
2020.8.6,57100,58400,57100,58000,55734.73438,21625874
2020.8.7,57900,58400,57100,57500,55254.26563,18751717
2020.8.10,57600,58300,57500,57800,55542.54297,17774291
2020.8.11,58000,59500,57800,58200,55926.92188,24907912
2020.8.12,58200,59000,57700,59000,56695.67969,18573934
2020.8.13,59400,59600,58000,58700,56407.39844,22089460
2020.8.14,58000,58400,57700,58000,55734.73438,15672548
2020.8.18,58900,59900,58000,58400,56119.10938,25307825
2020.8.19,59000,59200,57800,57800,55542.54297,16930719
2020.8.20,57600,57600,55300,55400,53236.28125,30386029
2020.8.21,56200,56900,55800,55900,53716.75391,21142288
2020.8.24,55800,56600,55400,56100,53908.9375,15055896
2020.8.25,56400,56800,56100,56400,54197.22656,14021705
2020.8.26,56400,56500,55700,56400,54197.22656,17651593
2020.8.27,56300,56300,55600,55600,53428.46875,16196568
2020.8.28,56100,56300,55400,55400,53236.28125,14619888
2020.8.31,56000,56100,54000,54000,51890.96094,32671367
2020.9.1,54100,54800,54100,54200,52083.14844,19363117
2020.9.2,54600,55100,54100,54400,52275.33594,16905723
2020.9.3,55600,56700,55500,56400,54197.22656,28384920
2020.9.4,55200,55800,55100,55600,53428.46875,22139109
2020.9.7,56100,57300,55800,56500,54293.32031,18685880
2020.9.8,57400,58700,57200,58700,56407.39844,31517520
2020.9.9,58200,59300,57800,58400,56119.10938,30597399
2020.9.10,59900,60000,59100,59200,56887.86328,29923293
2020.9.11,59300,59400,58200,59000,56695.67969,16017098
2020.9.14,60200,60800,59900,60400,58040.99609,20648281
2020.9.15,60900,61000,60500,61000,58617.5625,17877075
2020.9.16,61100,61300,60600,61000,58617.5625,17041444
2020.9.17,60700,60800,59300,59500,57176.14844,25108356
2020.9.18,59800,59900,59100,59300,56983.95703,18884571
2020.9.21,59100,60000,59000,59200,56887.86328,15140387
2020.9.22,59100,59700,57800,58200,55926.92188,20830381
2020.9.23,58400,58800,57400,58600,56311.29688,20111398
2020.9.24,57700,58600,57600,57800,55542.54297,17564020
2020.9.25,57700,58200,57700,57900,55638.63672,11444683
2020.9.28,58300,58800,57900,58200,56270.96094,12614080
2020.9.29,58300,59000,58200,58200,56270.96094,15503563
2020.10.5,57500,59200,57500,58700,56754.39063,20228289
2020.10.6,59400,59900,58700,59000,57044.44922,14463826
2020.10.7,58700,59900,58500,59900,57914.61719,14861838
2020.10.8,60500,60700,59500,59700,57721.24609,24589924
2020.10.12,60000,60400,59900,60400,58398.04297,16145837
2020.10.13,61000,61400,60400,60900,58881.46875,19247631
2020.10.14,61000,61100,60500,60900,58881.46875,16086716
2020.10.15,60700,60800,59700,60000,58011.30078,17756232
2020.10.16,60000,60400,59000,59500,57527.87109,16554190
2020.10.19,59600,60200,59500,60000,58011.30078,14474985
2020.10.20,60300,60900,60100,60900,58881.46875,19326115
2020.10.21,61200,61500,60600,60900,58881.46875,15703443
2020.10.22,60300,60500,59800,60100,58107.98828,14294095
2020.10.23,60400,60400,59800,60200,58204.67188,9322232
2020.10.26,60400,61100,60100,60400,58398.04297,13268226
2020.10.27,60300,60300,59500,59800,57817.92969,17260416
2020.10.28,59400,59400,58800,59000,57044.44922,14428882
2020.10.29,58200,58500,57500,58100,56174.27734,22636966
2020.10.30,58000,58000,56600,56600,54723.99609,26907844
2020.11.2,56400,57500,56000,57400,55497.48047,20489076
2020.11.3,57900,58900,57600,58800,56851.07813,14950919
2020.11.4,58900,59000,57800,58500,56561.01953,21718561
2020.11.5,59000,60300,58800,60300,58301.35938,20639475
2020.11.6,60700,60800,59600,60100,58107.98828,16910230
2020.11.9,60700,60900,60100,60200,58204.67188,15892961
2020.11.10,60500,60500,59500,60200,58204.67188,19073552
2020.11.11,60700,61400,60400,61300,59268.21094,25628510
2020.11.12,61000,61400,60700,61000,58978.15625,19800573
2020.11.13,61300,63200,61000,63200,61105.24219,31508829
2020.11.16,64000,66700,63900,66300,64102.48828,36354334
2020.11.17,67000,67000,65600,65700,63522.375,30204089
2020.11.18,65700,66200,64700,64800,62652.20703,22963790
2020.11.19,64100,64800,63900,64600,62458.83594,16590290
2020.11.20,63900,65200,63900,64700,62555.52344,15068682
2020.11.23,64800,67800,64700,67500,65262.71094,27134398
2020.11.24,67900,69500,67000,67700,65456.08594,32158235
2020.11.25,67900,68300,66500,66600,64392.54297,32447065
2020.11.26,66100,68000,66000,68000,65746.14063,19023323
2020.11.27,68000,68400,67600,68200,65939.51563,14063434
2020.11.30,68400,68600,66700,66700,64489.23047,43811016
2020.12.1,67100,68300,67100,67800,65552.76563,22327173
2020.12.2,68400,69900,68300,69500,67196.42969,29703942
2020.12.3,70100,70500,69300,69700,67389.79688,23677989
2020.12.4,70400,72100,70100,71500,69130.13281,28130533
2020.12.7,72400,73500,71900,72900,70483.72656,28490496
2020.12.8,72200,72900,71600,71700,69323.50781,25000338
2020.12.9,72100,73900,72000,73900,71450.58594,24077996
2020.12.10,72700,73800,72500,72900,70483.72656,39882928
2020.12.11,73500,73800,73100,73400,70967.15625,18486672
2020.12.14,73600,74500,73200,73800,71353.89844,21510415
2020.12.15,73800,74100,73300,73800,71353.89844,20863671
2020.12.16,74100,74500,73400,73800,71353.89844,17512081
2020.12.17,73400,73700,72600,73300,70870.46875,24293214
2020.12.18,73300,73700,73000,73000,70580.41406,17613029
2020.12.21,73100,73400,72000,73000,70580.41406,20367355
2020.12.22,72500,73200,72100,72300,69903.61719,16304910
2020.12.23,72400,74000,72300,73900,71450.58594,19411326
2020.12.24,74100,78800,74000,77800,75221.32813,32502870
2020.12.28,79000,80100,78200,78700,76091.49219,40085044
2020.12.29,78800,78900,77300,78300,77609.99219,30339449
2020.12.30,77400,81300,77300,81000,80286.20313,29417421
2021.1.4,81000,84400,80200,83000,82268.57031,38655276
2021.1.5,81600,83900,81600,83900,83160.64844,35335669
2021.1.6,83300,84500,82100,82200,81475.625,42089013
2021.1.7,82800,84200,82700,82900,82169.46094,32644642
2021.1.8,83300,90000,83000,88800,88017.46094,59013307
2021.1.11,90000,96800,89500,91000,90198.07813,90306177
2021.1.12,90300,91400,87800,90600,89801.59375,48682416
2021.1.13,89800,91200,89100,89700,88909.53125,36068848
2021.1.14,88700,90000,88700,89700,88909.53125,26393970
2021.1.15,89800,91800,88000,88000,87224.50781,33431809
2021.1.18,86600,87300,84100,85000,84250.95313,43227951
2021.1.19,84500,88000,83600,87000,86233.32031,39895044
2021.1.20,89000,89000,86500,87200,86431.5625,25211127
2021.1.21,87500,88600,86500,88100,87323.63281,25318011
2021.1.22,89000,89700,86800,86800,86035.08594,30861661
2021.1.25,87000,89900,86300,89400,88612.17188,27258534
2021.1.26,88800,89200,86500,86700,85935.96875,33178936
2021.1.27,86600,87700,85600,85600,84845.65625,26423070
2021.1.28,83200,85600,83200,83700,82962.40625,31859808
2021.1.29,84500,85000,82000,82000,81277.38281,39615978
2021.2.1,81700,83400,81000,83000,82268.57031,28046832
2021.2.2,84100,86400,83700,84400,83656.23438,26302077
2021.2.3,84800,85400,83400,84600,83854.47656,22112205
2021.2.4,83500,83800,82100,82500,81772.97656,24171688
2021.2.5,83100,84000,82500,83500,82764.16406,18036835
2021.2.8,83800,84200,83000,83000,82268.57031,15338765
2021.2.9,84000,84800,82700,82700,81971.21875,20898332
2021.2.10,82600,82600,81600,81600,80880.91406,23025766
2021.2.15,83800,84500,83300,84200,83458,23529706
2021.2.16,84500,86000,84200,84900,84151.82813,20483100
2021.2.17,83900,84200,83000,83200,82466.80469,18307735
2021.2.18,83200,83600,82100,82100,81376.50781,21327683
2021.2.19,82300,82800,81000,82600,81872.10156,25880879
2021.2.22,83800,84200,82200,82200,81475.625,25419886
2021.2.23,81200,82900,81100,82000,81277.38281,20587314
2021.2.24,81800,83600,81300,82000,81277.38281,26807651
2021.2.25,84000,85400,83000,85300,84548.3125,34155986
2021.2.26,82800,83400,82000,82500,81772.97656,38520800
2021.3.2,85100,85300,83000,83600,82863.28906,33498180
2021.3.3,83500,84000,82800,84000,83259.75781,19882132
2021.3.4,82600,83200,82200,82400,81673.85938,24348331
2021.3.5,81100,82600,81100,82100,81376.50781,20508971
2021.3.8,82900,83000,81600,82000,81277.38281,17641256
2021.3.9,81400,81900,80600,81400,80682.67188,25420764
2021.3.10,82400,82500,80700,80900,80187.07813,20038422
2021.3.11,81000,82500,81000,82000,81277.38281,23818297
2021.3.12,83100,83500,82400,82800,82070.33594,13530573
2021.3.15,82800,82900,81800,81800,81079.14844,13735798
2021.3.16,82200,83000,82100,82800,82070.33594,12293537
2021.3.17,82800,82900,82000,82300,81574.74219,11625146
2021.3.18,82800,83800,82600,82900,82169.46094,18585244
2021.3.19,82100,82500,81800,81900,81178.26563,15869700
2021.3.22,82000,82300,81700,82000,81277.38281,12670506
2021.3.23,82600,82900,81800,81800,81079.14844,13299907
2021.3.24,81000,81600,80700,81000,80286.20313,17926638
2021.3.25,81000,82100,80800,81200,80484.4375,14758826
2021.3.26,81400,81600,81000,81500,80781.79688,12845778
2021.3.29,81700,81700,81000,81600,80880.91406,14952134
2021.3.30,81600,82300,81300,82200,81837.67969,13121698
2021.3.31,82400,82700,81400,81400,81041.20313,17240518
2021.4.1,82500,83000,82000,82900,82534.59375,18676461
2021.4.2,84000,85200,83900,84800,84426.21875,22997538
2021.4.5,85800,86000,84800,85400,85023.57031,16255990
2021.4.6,86200,86200,85100,86000,85620.92969,19042023
2021.4.7,86100,86200,85400,85600,85222.6875,17885538
2021.4.8,85700,85700,84100,84700,84326.65625,19244259
2021.4.9,84700,84900,83400,83600,83231.50781,18193707
2021.4.12,84100,84100,83100,83200,82833.26563,12915282
2021.4.13,83000,84500,82800,84000,83629.74219,15238206
2021.4.14,84000,84300,83400,84000,83629.74219,13794652
2021.4.15,83700,84500,83400,84100,83729.30469,16377412
2021.4.16,84700,84700,83600,83900,83530.1875,15429522
2021.4.19,83800,84000,83300,83300,82932.82813,15287311
2021.4.20,83300,84000,83100,83900,83530.1875,15521965
2021.4.21,83300,83500,82500,82600,82235.91406,21636079
2021.4.22,82900,83000,82400,82400,82036.79688,13934746
2021.4.23,81900,82900,81600,82800,82435.03125,17805080
2021.4.26,82900,83500,82600,83500,83131.94531,15489938
2021.4.27,83200,83300,82500,82900,82534.59375,12941533
2021.4.28,83200,83200,82100,82100,81738.11719,15596759
2021.4.29,82400,82500,81500,81700,81339.88281,20000973
2021.4.30,81900,82100,81500,81500,81140.76563,18673197
2021.5.3,81000,82400,81000,81700,81339.88281,15710336
2021.5.4,81900,82600,81800,82600,82235.91406,12532550
2021.5.6,81700,82300,81700,82300,81937.23438,17047511
2021.5.7,81800,82100,81500,81900,81539,14154882
2021.5.10,82300,83500,81800,83200,82833.26563,19385027
2021.5.11,82500,82600,81100,81200,80842.08594,28996680
2021.5.12,80800,81200,79800,80000,79647.375,35812268
2021.5.13,78900,79600,78400,78500,78153.98438,31490096
2021.5.14,79000,80300,78900,80100,79746.92969,16450920
2021.5.17,80800,80900,79200,79600,79249.14063,17740855
2021.5.18,79600,80000,79100,79600,79249.14063,17494407
2021.5.20,79400,79700,79100,79500,79149.57813,16541828
2021.5.21,80100,81500,79800,80100,79746.92969,20961714
2021.5.24,80100,80400,79500,79700,79348.69531,13398666
2021.5.25,80000,80400,79800,79900,79547.8125,13628942
2021.5.26,80400,80500,79700,79800,79448.25781,11984359
2021.5.27,80000,80000,79100,79600,79249.14063,23198510
2021.5.28,79800,80400,79400,80100,79746.92969,12360199
2021.5.31,80300,80600,79600,80500,80145.17188,13321324
2021.6.1,80500,81300,80100,80600,80244.72656,14058401
2021.6.2,80400,81400,80300,80800,80443.85156,16414644
2021.6.3,81300,83000,81100,82800,82435.03125,29546007
2021.6.4,82700,82700,81500,82200,81837.67969,18112259
2021.6.7,82700,82800,81600,81900,81539,16496197
2021.6.8,82300,82600,81800,81900,81539,12781226
2021.6.9,81500,82000,81100,81100,80742.52344,14908823
2021.6.10,81300,81400,80900,81000,80642.96875,17586995
2021.6.11,81200,81700,80700,81000,80642.96875,14087962
2021.6.14,80800,80900,80500,80500,80145.17188,10550078
2021.6.15,80900,81200,80600,80900,80543.40625,10075685
2021.6.16,81500,81900,81100,81800,81439.4375,14999855
2021.6.17,81100,81300,80700,80900,80543.40625,14007385
2021.6.18,81100,81100,80500,80500,80145.17188,14916721
2021.6.21,79700,80000,79600,79900,79547.8125,16063340
2021.6.22,80200,80300,79900,80000,79647.375,11773365
2021.6.23,80500,80600,79900,80100,79746.92969,13856548
2021.6.24,80400,81400,80100,81200,80842.08594,18771080
2021.6.25,81500,81900,81200,81600,81240.32031,13481405
2021.6.28,81700,82000,81600,81900,81539,11578529
2021.6.29,81900,82100,80800,81000,81000,15744317
2021.6.30,81100,81400,80700,80700,80700,13288643
2021.7.1,80500,80600,80000,80100,80100,13382882
2021.7.2,80000,80400,79900,80000,80000,8753097
2021.7.5,80100,80800,80000,80400,80400,8330969
2021.7.6,80600,81200,80500,81200,81200,12131651
2021.7.7,81200,81300,80300,80800,80800,15992202
2021.7.8,81100,81200,79900,79900,79900,16660998
2021.7.9,79600,79800,79000,79400,79400,22720577
2021.7.12,79900,80000,79500,79700,79700,9768108
2021.7.13,80000,80200,79800,79800,79800,9863450
2021.7.14,79400,79600,79100,79500,79500,11575636
2021.7.15,79800,80600,79500,80600,80600,13766279
2021.7.16,80100,80100,79500,79800,79800,10859399
2021.7.19,79100,79200,78800,79000,79000,13155414
2021.7.20,78500,79000,78400,79000,79000,12456646
2021.7.21,79000,79100,78500,78500,78500,12355296
2021.7.22,79000,79800,78900,79700,79700,12618790
2021.7.23,79700,79900,79200,79300,79300,9098910
2021.7.26,79400,79500,78800,78800,78800,10040975
2021.7.27,79200,79400,78500,78500,78500,11427693
2021.7.28,78300,79200,78100,79200,79200,12743417
2021.7.29,78800,79400,78800,79000,79000,14360453
2021.7.30,78900,78900,78500,78500,78500,13823411
2021.8.2,79200,79500,78700,79300,79300,11739124
2021.8.3,79400,81400,79300,81400,81400,24339360
2021.8.4,82200,83100,81800,82900,82900,25642368
2021.8.5,83300,83300,82000,82100,82100,18485469
2021.8.6,81900,82500,81300,81500,81500,13342623
2021.8.9,81500,82300,80900,81500,81500,15522581
2021.8.10,82300,82400,80100,80200,80200,20362639
2021.8.11,79600,79800,78500,78500,78500,30241137
2021.8.12,77100,78200,76900,77000,77000,42365223
2021.8.13,75800,76000,74100,74400,74400,61270643
2021.8.17,74000,75100,74000,74200,74200,30944847
2021.8.18,73900,74600,73100,73900,73900,29192631
2021.8.19,73500,74400,73100,73100,73100,22166298
2021.8.20,73500,73900,72500,72700,72700,22364803
2021.8.23,73300,74000,73000,73300,73300,19384648
2021.8.24,73900,75700,73900,75600,75600,21016913
2021.8.25,76200,76600,74900,75700,75700,22319664
2021.8.26,76100,76200,74600,74600,74600,16671494
2021.8.27,74300,75000,73800,74300,74300,15172748